string,medium,depth,date,mean_out_ft,mean_in_ft,inward_gradient_ft,n_out,n_in,wells_out,wells_in
1140,Glacial Till,deep,2015-03-02,567.34,564.22,3.12,4,1,1141B;1142C;1144D;1143D,1140B
1140,Glacial Till,deep,2015-06-01,567.85,564.13,3.72,4,1,1141B;1142C;1144D;1143D,1140B
1140,Glacial Till,deep,2015-09-02,567.82,564.51,3.31,4,1,1141B;1142C;1144D;1143D,1140B
1140,Glacial Till,deep,2015-12-01,567.3,564.56,2.74,4,1,1141B;1142C;1144D;1143D,1140B
1140,Glacial Till,deep,2016-03-02,567.22,564.36,2.86,4,1,1144D;1143D;1142C;1141B,1140B
1140,Glacial Till,deep,2016-06-08,568.04,564.25,3.79,4,1,1144D;1143D;1142C;1141B,1140B
1140,Glacial Till,deep,2016-09-06,567.4,564.35,3.05,4,1,1144D;1143D;1142C;1141B,1140B
1140,Glacial Till,deep,2016-12-05,566.7,564.36,2.34,4,1,1144D;1143D;1142C;1141B,1140B
1140,Glacial Till,deep,2017-03-02,566.52,564.0,2.52,4,1,1144D;1143D;1142C;1141B,1140B
1140,Glacial Till,deep,2017-06-09,568.12,564.56,3.57,4,1,1144D;1143D;1142C;1141B,1140B
1140,Glacial Till,deep,2017-09-07,568.16,564.71,3.45,4,1,1144D;1143D;1142C;1141B,1140B
1140,Glacial Till,deep,2017-12-07,568.1,564.89,3.21,4,1,1144D;1143D;1142C;1141B,1140B
1140,Glacial Till,deep,2019-03-05,568.02,564.54,3.48,4,1,1144D;1143D;1142C;1141B,1140B
1140,Glacial Till,deep,2019-06-04,568.32,564.5,3.82,4,1,1144D;1143D;1142C;1141B,1140B
1140,Glacial Till,deep,2019-09-03,568.1,564.7,3.4,4,1,1144D;1143D;1142C;1141B,1140B
1140,Glacial Till,deep,2019-11-19,567.86,564.96,2.9,4,1,1144D;1143D;1142C;1141B,1140B
1140,Glacial Till,deep,2022-03-03,568.37,564.67,3.7,4,1,1144D;1143D;1142C;1141B,1140B
1140,Glacial Till,deep,2022-06-01,568.32,564.63,3.69,4,1,1144D;1143D;1142C;1141B,1140B
1140,Glacial Till,deep,2022-09-15,567.65,564.65,3.0,4,1,1144D;1143D;1142C;1141B,1140B
1140,Glacial Till,deep,2022-12-02,567.39,564.67,2.73,4,1,1144D;1143D;1142C;1141B,1140B
1140,Soft Clay,intermediate,2015-03-02,568.46,563.85,4.61,5,1,1141A;1143B;1142B;1144C;1143C,1140A
1140,Soft Clay,intermediate,2015-06-01,569.29,563.71,5.58,5,1,1141A;1143B;1142B;1144C;1143C,1140A
1140,Soft Clay,intermediate,2015-09-02,568.71,564.15,4.56,5,1,1141A;1143B;1142B;1144C;1143C,1140A
1140,Soft Clay,intermediate,2015-12-01,568.12,564.19,3.93,5,1,1141A;1143B;1142B;1144C;1143C,1140A
1140,Soft Clay,intermediate,2016-03-02,568.96,563.94,5.02,5,1,1144C;1143B;1143C;1142B;1141A,1140A
1140,Soft Clay,intermediate,2016-06-08,569.31,563.79,5.52,5,1,1144C;1143B;1143C;1142B;1141A,1140A
1140,Soft Clay,intermediate,2016-09-06,568.19,564.04,4.15,5,1,1144C;1143B;1143C;1142B;1141A,1140A
1140,Soft Clay,intermediate,2016-12-05,567.46,564.08,3.38,5,1,1144C;1143B;1143C;1142B;1141A,1140A
1140,Soft Clay,intermediate,2017-03-02,568.05,563.58,4.47,5,1,1144C;1143B;1143C;1142B;1141A,1140A
1140,Soft Clay,intermediate,2017-06-09,569.86,564.09,5.77,5,1,1144C;1143B;1143C;1142B;1141A,1140A
1140,Soft Clay,intermediate,2017-09-07,569.23,564.34,4.89,5,1,1144C;1143B;1143C;1142B;1141A,1140A
1140,Soft Clay,intermediate,2017-12-07,569.49,564.45,5.04,5,1,1144C;1143B;1143C;1142B;1141A,1140A
1140,Soft Clay,intermediate,2019-03-05,569.29,564.08,5.21,5,1,1144C;1143B;1143C;1142B;1141A,1140A
1140,Soft Clay,intermediate,2019-06-04,569.77,563.95,5.82,5,1,1144C;1143B;1143C;1142B;1141A,1140A
1140,Soft Clay,intermediate,2019-09-03,568.93,564.32,4.61,5,1,1144C;1143B;1143C;1142B;1141A,1140A
1140,Soft Clay,intermediate,2019-11-19,568.97,564.54,4.43,5,1,1144C;1143B;1143C;1142B;1141A,1140A
1140,Soft Clay,intermediate,2022-03-03,569.75,564.16,5.59,5,1,1144C;1143B;1143C;1142B;1141A,1140A
1140,Soft Clay,intermediate,2022-06-01,569.56,563.94,5.62,5,1,1144C;1143B;1143C;1142B;1141A,1140A
1140,Soft Clay,intermediate,2022-09-15,568.43,564.27,4.16,5,1,1144C;1143B;1143C;1142B;1141A,1140A
1140,Soft Clay,intermediate,2022-12-02,568.52,564.27,4.25,5,1,1144C;1143B;1143C;1142B;1141A,1140A
1160,Fractured Clay,intermediate,2015-03-02,569.59,565.05,4.54,6,1,1162A;1165B;1163B;1163C;1162C;1161D,1160A
1160,Fractured Clay,intermediate,2015-06-01,570.41,564.7,5.71,6,1,1162A;1165B;1163B;1163C;1162C;1161D,1160A
1160,Fractured Clay,intermediate,2015-09-02,570.1,565.72,4.37,6,2,1162A;1165B;1163B;1163C;1162C;1161D,1160A;1160C
1160,Fractured Clay,intermediate,2015-12-01,569.7,565.9,3.8,6,2,1162A;1165B;1163B;1163C;1162C;1161D,1160A;1160C
1160,Fractured Clay,intermediate,2016-03-02,569.9,565.29,4.61,6,1,1165B;1163B;1163C;1162A;1162C;1161D,1160A
1160,Fractured Clay,intermediate,2016-06-08,570.36,564.76,5.6,6,1,1165B;1163B;1163C;1162A;1162C;1161D,1160A
1160,Fractured Clay,intermediate,2016-09-06,569.99,566.05,3.95,6,2,1165B;1163B;1163C;1162A;1162C;1161D,1160A;1160C
1160,Fractured Clay,intermediate,2016-12-05,569.49,566.0,3.49,6,2,1165B;1163B;1163C;1162A;1162C;1161D,1160A;1160C
1160,Fractured Clay,intermediate,2017-03-02,569.8,564.9,4.9,6,1,1165B;1163B;1163C;1162A;1162C;1161D,1160A
1160,Fractured Clay,intermediate,2017-06-09,571.0,566.0,5.01,6,2,1165B;1163B;1163C;1162A;1162C;1161D,1160A;1160C
1160,Fractured Clay,intermediate,2017-09-07,570.32,566.06,4.27,6,2,1165B;1163B;1163C;1162A;1162C;1161D,1160A;1160C
1160,Fractured Clay,intermediate,2017-12-07,569.98,566.4,3.57,6,2,1165B;1163B;1163C;1162A;1162C;1161D,1160A;1160C
1160,Fractured Clay,intermediate,2019-03-05,570.16,565.88,4.28,6,2,1165B;1163B;1163C;1162A;1162C;1161D,1160A;1160C
1160,Fractured Clay,intermediate,2019-06-04,570.92,565.59,5.33,6,2,1165B;1163B;1163C;1162A;1162C;1161D,1160A;1160C
1160,Fractured Clay,intermediate,2019-09-03,570.14,565.84,4.3,6,2,1165B;1163B;1163C;1162A;1162C;1161D,1160A;1160C
1160,Fractured Clay,intermediate,2019-11-19,570.0,566.29,3.71,6,2,1165B;1163B;1163C;1162A;1162C;1161D,1160A;1160C
1160,Fractured Clay,intermediate,2022-03-03,569.99,565.39,4.6,6,1,1165B;1163B;1163C;1162A;1162C;1161D,1160A
1160,Fractured Clay,intermediate,2022-06-01,570.69,565.92,4.76,6,2,1165B;1163B;1163C;1162A;1162C;1161D,1160A;1160C
1160,Fractured Clay,intermediate,2022-09-15,570.15,565.85,4.3,6,2,1165B;1163B;1163C;1162A;1162C;1161D,1160A;1160C
1160,Fractured Clay,intermediate,2022-12-02,569.84,565.88,3.97,6,2,1165B;1163B;1163C;1162A;1162C;1161D,1160A;1160C
1170,Glacial Till,deep,2015-03-02,567.18,562.5,4.68,4,1,1174A;1173A;1172A;1171A,1170A
1170,Glacial Till,deep,2015-06-01,567.24,562.18,5.06,4,1,1174A;1173A;1172A;1171A,1170A
1170,Glacial Till,deep,2015-09-02,567.07,562.02,5.05,4,1,1174A;1173A;1172A;1171A,1170A
1170,Glacial Till,deep,2015-12-01,567.14,562.26,4.88,4,1,1174A;1173A;1172A;1171A,1170A
1170,Glacial Till,deep,2016-03-02,567.13,562.43,4.71,4,1,1174A;1173A;1172A;1171A,1170A
1170,Glacial Till,deep,2016-06-08,567.05,562.19,4.86,4,1,1174A;1173A;1172A;1171A,1170A
1170,Glacial Till,deep,2016-09-06,566.89,561.82,5.07,4,1,1174A;1173A;1172A;1171A,1170A
1170,Glacial Till,deep,2016-12-05,567.01,562.14,4.87,4,1,1174A;1173A;1172A;1171A,1170A
1170,Glacial Till,deep,2017-03-02,566.95,562.28,4.67,4,1,1174A;1173A;1172A;1171A,1170A
1170,Glacial Till,deep,2017-06-09,566.99,562.39,4.6,4,1,1174A;1173A;1172A;1171A,1170A
1170,Glacial Till,deep,2017-09-07,567.3,562.41,4.89,4,1,1174A;1173A;1172A;1171A,1170A
1170,Glacial Till,deep,2017-12-07,567.54,562.63,4.91,4,1,1174A;1173A;1172A;1171A,1170A
1170,Glacial Till,deep,2019-03-05,567.45,563.06,4.39,4,1,1174A;1173A;1172A;1171A,1170A
1170,Glacial Till,deep,2019-06-04,567.44,562.52,4.92,4,1,1174A;1173A;1172A;1171A,1170A
1170,Glacial Till,deep,2019-09-03,567.29,562.28,5.01,4,1,1174A;1173A;1172A;1171A,1170A
1170,Glacial Till,deep,2019-11-19,567.43,562.58,4.85,4,1,1174A;1173A;1172A;1171A,1170A
1170,Glacial Till,deep,2022-03-03,567.37,562.73,4.64,4,1,1174A;1173A;1172A;1171A,1170A
1170,Glacial Till,deep,2022-06-01,567.27,562.5,4.77,4,1,1174A;1173A;1172A;1171A,1170A
1170,Glacial Till,deep,2022-09-15,567.14,562.22,4.92,4,1,1174A;1173A;1172A;1171A,1170A
1170,Glacial Till,deep,2022-12-02,567.41,562.52,4.89,4,1,1174A;1173A;1172A;1171A,1170A
1170,Soft Clay,intermediate,2015-03-02,567.86,563.15,4.71,8,1,1174B;1173B;1172B;1171B;1174C;1173C;1172C;1171C,1170B
1170,Soft Clay,intermediate,2015-06-01,567.75,568.1,-0.35,8,1,1174B;1173B;1172B;1171B;1174C;1173C;1172C;1171C,1170B
1170,Soft Clay,intermediate,2015-09-02,567.8,564.11,3.69,8,1,1174B;1173B;1172B;1171B;1174C;1173C;1172C;1171C,1170B
1170,Soft Clay,intermediate,2015-12-01,567.77,571.75,-3.98,8,1,1174B;1173B;1172B;1171B;1174C;1173C;1172C;1171C,1170B
1180,Glacial Till,deep,2015-03-02,564.97,562.86,2.11,3,1,1184A;1183A;1181A,1180A
1180,Glacial Till,deep,2015-06-01,565.22,563.06,2.16,3,1,1184A;1183A;1181A,1180A
1180,Glacial Till,deep,2015-09-02,565.1,563.04,2.06,3,1,1184A;1183A;1181A,1180A
1180,Glacial Till,deep,2015-12-01,565.11,562.86,2.25,3,1,1184A;1183A;1181A,1180A
1180,Glacial Till,deep,2016-03-02,565.98,563.04,2.94,3,1,1184A;1183A;1181A,1180A
1180,Glacial Till,deep,2016-06-08,565.2,563.12,2.08,3,1,1184A;1183A;1181A,1180A
1180,Glacial Till,deep,2016-09-06,564.37,562.75,1.62,3,1,1184A;1183A;1181A,1180A
1180,Glacial Till,deep,2016-12-05,564.62,562.55,2.07,3,1,1184A;1183A;1181A,1180A
1180,Glacial Till,deep,2017-03-02,565.45,562.65,2.8,3,1,1184A;1183A;1181A,1180A
1180,Glacial Till,deep,2017-06-09,565.53,563.24,2.29,3,1,1184A;1183A;1181A,1180A
1180,Glacial Till,deep,2017-09-07,565.54,563.22,2.32,3,1,1184A;1183A;1181A,1180A
1180,Glacial Till,deep,2017-12-07,565.87,563.31,2.56,3,1,1184A;1183A;1181A,1180A
1180,Glacial Till,deep,2019-03-05,565.85,563.26,2.59,3,1,1184A;1183A;1181A,1180A
1180,Glacial Till,deep,2019-06-04,565.95,563.48,2.47,3,1,1184A;1183A;1181A,1180A
1180,Glacial Till,deep,2019-09-03,565.14,563.27,1.87,3,1,1184A;1183A;1181A,1180A
1180,Glacial Till,deep,2019-11-19,565.89,563.41,2.48,3,1,1184A;1183A;1181A,1180A
1180,Glacial Till,deep,2022-06-01,565.29,563.41,1.88,3,1,1184A;1183A;1181A,1180A
1180,Glacial Till,deep,2022-09-15,564.64,563.11,1.53,3,1,1184A;1183A;1181A,1180A
1180,Glacial Till,deep,2022-12-02,565.87,563.12,2.75,3,1,1184A;1183A;1181A,1180A
1180,Soft Clay,intermediate,2015-03-02,565.28,561.0,4.28,2,1,1184B;1181B,1180B
1180,Soft Clay,intermediate,2015-06-01,565.37,560.89,4.48,2,1,1184B;1181B,1180B
1180,Soft Clay,intermediate,2015-09-02,564.99,561.04,3.95,2,1,1184B;1181B,1180B
1180,Soft Clay,intermediate,2015-12-01,565.0,561.02,3.98,2,1,1184B;1181B,1180B
1180,Soft Clay,intermediate,2016-03-02,566.06,561.09,4.97,2,1,1184B;1181B,1180B
1180,Soft Clay,intermediate,2016-06-08,565.23,560.98,4.25,2,1,1184B;1181B,1180B
1180,Soft Clay,intermediate,2016-09-06,564.33,561.0,3.33,2,1,1184B;1181B,1180B
1180,Soft Clay,intermediate,2016-12-05,564.18,560.98,3.2,2,1,1184B;1181B,1180B
1180,Soft Clay,intermediate,2017-03-02,565.45,561.01,4.44,2,1,1184B;1181B,1180B
1180,Soft Clay,intermediate,2017-06-09,565.63,561.05,4.58,2,1,1184B;1181B,1180B
1180,Soft Clay,intermediate,2017-09-07,565.55,561.16,4.39,2,1,1184B;1181B,1180B
1180,Soft Clay,intermediate,2017-12-07,565.79,561.27,4.52,2,1,1184B;1181B,1180B
1180,Soft Clay,intermediate,2019-03-05,565.89,561.05,4.84,2,1,1184B;1181B,1180B
1180,Soft Clay,intermediate,2019-06-04,565.99,561.05,4.94,2,1,1184B;1181B,1180B
1180,Soft Clay,intermediate,2019-09-03,565.19,561.04,4.15,2,1,1184B;1181B,1180B
1180,Soft Clay,intermediate,2019-11-19,565.84,561.25,4.59,2,1,1184B;1181B,1180B
1180,Soft Clay,intermediate,2022-03-03,566.22,561.34,4.88,2,1,1184B;1181B,1180B
1180,Soft Clay,intermediate,2022-06-01,565.56,561.02,4.54,2,1,1184B;1181B,1180B
1180,Soft Clay,intermediate,2022-09-15,564.88,561.06,3.82,2,1,1184B;1181B,1180B
1180,Soft Clay,intermediate,2022-12-02,565.92,561.23,4.69,2,1,1184B;1181B,1180B
1190,Glacial Till,deep,2015-03-02,564.46,564.99,-0.53,4,1,1194A;1193A;1192A;1191A,1190A
1190,Glacial Till,deep,2015-06-01,564.89,565.88,-0.99,4,1,1194A;1193A;1192A;1191A,1190A
1190,Glacial Till,deep,2015-09-02,564.65,564.35,0.3,4,1,1194A;1193A;1192A;1191A,1190A
1190,Glacial Till,deep,2015-12-01,564.37,564.71,-0.34,4,1,1194A;1193A;1192A;1191A,1190A
1190,Glacial Till,deep,2016-03-02,564.99,568.27,-3.28,4,1,1194A;1193A;1192A;1191A,1190A
1190,Glacial Till,deep,2016-06-08,564.82,563.26,1.56,4,1,1194A;1193A;1192A;1191A,1190A
1190,Glacial Till,deep,2016-09-06,564.24,562.18,2.06,4,1,1194A;1193A;1192A;1191A,1190A
1190,Glacial Till,deep,2016-12-05,564.02,563.82,0.2,4,1,1194A;1193A;1192A;1191A,1190A
1190,Glacial Till,deep,2017-03-02,564.56,567.95,-3.39,4,1,1194A;1193A;1192A;1191A,1190A
1190,Glacial Till,deep,2017-06-09,564.95,567.16,-2.21,4,1,1194A;1193A;1192A;1191A,1190A
1190,Glacial Till,deep,2017-09-07,564.98,565.3,-0.32,4,1,1194A;1193A;1192A;1191A,1190A
1190,Glacial Till,deep,2017-12-07,565.12,566.6,-1.48,4,1,1194A;1193A;1192A;1191A,1190A
1190,Glacial Till,deep,2019-03-05,565.07,565.78,-0.71,4,1,1194A;1193A;1192A;1191A,1190A
1190,Glacial Till,deep,2019-06-04,565.46,567.17,-1.71,4,1,1194A;1193A;1192A;1191A,1190A
1190,Glacial Till,deep,2019-09-03,565.19,564.76,0.43,4,1,1194A;1193A;1192A;1191A,1190A
1190,Glacial Till,deep,2019-11-19,565.25,565.54,-0.28,4,1,1194A;1193A;1192A;1191A,1190A
1190,Glacial Till,deep,2022-03-03,565.26,564.47,0.79,4,1,1194A;1193A;1192A;1191A,1190A
1190,Glacial Till,deep,2022-06-01,565.22,565.03,0.19,4,1,1194A;1193A;1192A;1191A,1190A
1190,Glacial Till,deep,2022-09-15,564.72,564.07,0.65,4,1,1194A;1193A;1192A;1191A,1190A
1190,Glacial Till,deep,2022-12-02,564.99,564.6,0.39,4,1,1194A;1193A;1192A;1191A,1190A
1190,Soft Clay,intermediate,2015-03-02,568.01,562.95,5.06,7,1,1194B;1193B;1192B;1191B;1194C;1193C;1191C,1190B
1190,Soft Clay,intermediate,2015-06-01,568.04,562.92,5.12,7,1,1194B;1193B;1192B;1191B;1194C;1193C;1191C,1190B
1190,Soft Clay,intermediate,2015-09-02,567.9,562.27,5.63,7,1,1194B;1193B;1192B;1191B;1194C;1193C;1191C,1190B
1190,Soft Clay,intermediate,2015-12-01,568.08,564.48,3.6,7,1,1194B;1193B;1192B;1191B;1194C;1193C;1191C,1190B
